Marca,Modelo,Carroceria,Largo,Alto,Ancho,Peso,Maletero,Depósito,Potencia,Plazas,Isofix,Consumo,Combustible,Motor,Emisiones,Etiqueta,Precio,Valoración,Lo mejor,Lo mejorable,Opinión
Audi,['Q7'],SUV XXL,5.072 m,1.743 m,1970 mm,2055 kg,867 l,85 l,231-507 CV,7,3.0,7.8-12.2 l/100Km,"[' Gasolina', 'MHEV Diesel', 'MHEV Gasolina']","['MHEV Diesel', 'AUDI Q7 3.0 55 TFSI MHEV QUATTRO S LINE TIPTR.', 'AUDI Q7 3.0 50 TDI MHEV QUATTRO ADVANCED TIPTR.', 'AUDI Q7 3.0 45 TDI MHEV QUA.BLACK L. ED. TIPTR.', 'AUDI Q7 3.0 50 TDI MHEV QUA. BLACK L. ED. TIPTR.', ' Gasolina', 'AUDI Q7 3.0 50 TDI MHEV QUATTRO S LINE TIPTR.', 'AUDI Q7 3.0 55 TFSI MHEV QUATTRO ADVANCED TIPTR.', 'AUDI Q7 3.0 55 TFSI MHEV QUA. BLACK L. ED. TIPT.', 'AUDI Q7 3.0 45 TDI MHEV QUATTRO ADVANCED TIPTR.', 'AUDI Q7 3.0 45 TDI MHEV QUATTRO S LINE TIPTR.', 'MHEV Gasolina']",205-272 g/Km,"['Etiqueta medioambiental C', 'Etiqueta medioambiental ECO']",74.460 €,"4,1","Espacio interior, calidad de construcción, tecnología, diseño interior","['Proporciones exteriores algo raras, precio']","Uno de los SUVs más lujosos del mercado, puede tener mucho equipamiento y un motor diésel de altas prestaciones. Resulta también interesante por contar con hasta siete plazas, un detalle que siempre han valorado positivamente los usuarios. Incorpora toda la tecnología del grupo tanto en motores como en seguridad y confort, logrando un producto muy completo al máximo nivel."
BMW,['X5'],SUV XXL,4.935 m,1.765 m,2004 mm,2295 kg,650 l,80 l,298-625 CV,5 y 7,3.0,7.1-12.9 l/100Km,"['MHEV Diesel', 'MHEV Gasolina']","['MHEV Diesel', 'BMW X5 4.4 M COMPETITION MHEV', 'BMW X5 3.0 XDRIVE40I MHEV', 'BMW X5 3.0 XDRIVE40D MHEV', 'BMW X5 3.0 XDRIVE30D MHEV', 'MHEV Gasolina']",189-291 g/Km,"['Etiqueta medioambiental C', 'Etiqueta medioambiental ECO']",94.037 €,"3,9","Tacto de conducción, tecnología, calidades, diseño","['Precio elevado, opciones caras']","El BMW X5 es un SUV de lujo, de tamaño grande, que se sitúa entre el razonable X3 y el gigantesco X7. Cuenta con toda la tecnología BMW, un excelente tacto de conducción y puede incorporar dos plazas adicionales en el maletero para convertirse en un 7 plazas."
BMW,"['X5', 'Híbrido']",SUV XXL,4.935 m,1.755 m,2004 mm,2495 kg,500 l,69 l,489 CV,5,3.0,9.1 l/100Km,"['PHEV Gasolina', '\n\n            24 de feb, 2023\xa0\xa0|\xa0\n            BMW X5 Híbrido\n\n          Gama 2023 ya a la venta\n        ', '\nBMW X5 Híbrido\n']","['BMW X5 3.0 XDRIVE50E PHEV', 'PHEV Gasolina']",206 g/Km,"['Etiqueta medioambiental ECO', 'Etiqueta medioambiental zero']",103.041 €,"3,9","Imagen, prestaciones, autonomía en modo 100% eléctrico","['Peso, precio de las opciones, tiempo de carga']","El BMW X5 cuenta con una versión híbrida enchufable denominada xDrive 45e iPerformance, que gracias a su batería de más de 29 kWh de capacidad es capaz de recorrer más de 110 kilómetros en modo 100% eléctrico, una de las cifras más amplias de su segmento."
BMW,['X7'],SUV XXL,5.151 m,1.835 m,2000 mm,2490 kg,750 l,83 l,352-530 CV,7,4.0,8.1-12.1 l/100Km,"['MHEV Diesel', 'MHEV Gasolina']","['MHEV Diesel', 'BMW X7 3.0 XDRIVE40I MHEV A', 'BMW X7 3.0 XDRIVE40D MHEV A', 'BMW X7 4.4 M60I MHEV XDRIVE A', 'MHEV Gasolina']",213-274 g/Km,"['Etiqueta medioambiental C', 'Etiqueta medioambiental ECO', 'Etiqueta medioambiental zero']",120.510 €,"3,5",,,
Citroën,"['C3', 'Aircross']",SUV Mediano,4.390 m,1.633 m,-,1298 kg,460 l,44 l,100-145 CV,5 y 7,2.0,5.3-6.2 l/100Km,"[' Gasolina', 'MHEV Gasolina']","[' Gasolina', 'CITROEN C3 AIRCROSS 1.2 MHEV PLUS', 'CITROEN C3 AIRCROSS 1.2 MHEV MAX', 'MHEV Gasolina']",120-139 g/Km,"['Etiqueta medioambiental C', 'Etiqueta medioambiental ECO']",18.490 €,"2,9","Siete plazas, equipamiento disponible, precio contenido","['Calidad de algunos plásticos, detalles de acabado, tercera fila pequeña']","El nuevo C3 Aircross combina la estética de un crossover con la modularidad de un MPV, ofreciendo hasta siete plazas. Se vende con una oferta de motores interesante y puede tener mucho equipamiento. Con ofertas tiene un precio muy razonable, siendo además de los más amplios del segmento."
Citroën,"['C3', 'Aircross']",SUV Mediano,4.390 m,1.633 m,-,1298 kg,460 l,44 l,100-145 CV,5 y 7,2.0,5.3-6.2 l/100Km,"[' Gasolina', 'MHEV Gasolina']","[' Gasolina', 'CITROEN C3 AIRCROSS 1.2 MHEV PLUS', 'CITROEN C3 AIRCROSS 1.2 MHEV MAX', 'MHEV Gasolina']",120-139 g/Km,"['Etiqueta medioambiental C', 'Etiqueta medioambiental ECO']",18.490 €,"2,9","Siete plazas, equipamiento disponible, precio contenido","['Calidad de algunos plásticos, detalles de acabado, tercera fila pequeña']","El nuevo C3 Aircross combina la estética de un crossover con la modularidad de un MPV, ofreciendo hasta siete plazas. Se vende con una oferta de motores interesante y puede tener mucho equipamiento. Con ofertas tiene un precio muy razonable, siendo además de los más amplios del segmento."
Citroën,"['Grand', 'C4', 'SpaceTourer']",Monovolumen Mediano,4.597 m,1.644 m,1826 mm,1297 kg,130 l,57 l,130-131 CV,7,2.0,4.9-6.4 l/100Km,"[' Diesel', ' Gasolina']","[' Diesel', ' Gasolina']",-,['Etiqueta medioambiental C'],24.675 €,"3,6","Espacio interior, confort de marcha, economía","['Calidad algo justa, prestaciones']","El Citroën Grand C4 SpaceTourer es un monovolumen mediano con 5 plazas más dos para niños, por 1.500 € más que el 5 plazas. Si dudas usar las dos plazas extra, mejor quédate con el C4 Spacetourer corto."
Citroën,['Holidays'],Monovolumen Grande,4.981 m,1.895 m,1920 mm,1964 kg,-,69 l,144-177 CV,4,,7.9-8.1 l/100Km,[' Diesel'],[' Diesel'],208-211 g/Km,"['Etiqueta medioambiental C', 'Etiqueta medioambiental zero']",53.490 €,"3,6",,,
Citroën,['SpaceTourer'],Monovolumen Grande,4.609 m,1.895 m,1920 mm,2025 kg,507 l,69 l,180 CV,8,6.0,7.2-7.3 l/100Km,[' Diesel'],[' Diesel'],190-193 g/Km,['Etiqueta medioambiental C'],47.228 €,"3,2","Volumen interior de salón-comedor, durabilidad",['Estética y aerodinámica de furgoneta'],El Citroën SpaceTourer es una furgoneta industrial convertida en un gigante monovolumen para pasajeros en el que el espacio es la seña de identidad
Citroën,['SpaceTourer'],Monovolumen Grande,4.609 m,1.895 m,1920 mm,2025 kg,507 l,69 l,180 CV,8,6.0,7.2-7.3 l/100Km,[' Diesel'],[' Diesel'],190-193 g/Km,['Etiqueta medioambiental C'],47.228 €,"3,2","Volumen interior de salón-comedor, durabilidad",['Estética y aerodinámica de furgoneta'],El Citroën SpaceTourer es una furgoneta industrial convertida en un gigante monovolumen para pasajeros en el que el espacio es la seña de identidad
Citroën,"['ë-Berlingo', 'eléctrico']",Monovolumen Pequeño,4.400 m,1.880 m,1848 mm,1736 kg,775 l,-,136 CV,"0,5  h",3.0,335-343 Kms,[' Eléctrico'],"['CITROEN BERLINGO BEV 54KWH TALLA M PLUS AUTO', 'CITROEN BERLINGO BEV 54KWH TALLA XL MAX AUTO', 'CITROEN BERLINGO BEV 54KWH TALLA M MAX AUTO', 'CITROEN BERLINGO BEV 54KWH TALLA XL PLUS AUTO']",0 g/Km,['Etiqueta medioambiental zero'],24.323 €,"3,0","Espacio de carga, precio","['Calidades algo justas, autonomía']","El Citroën ë-Berlingo se presenta como la variante 100% eléctrica del Berlingo, convirtiéndose en una opción muy interesante para cubrir trayectos urbanos y al mismo tiempo disfrutar de un espacio de carga más que digno. Por supuesto, esta se acoge a todas las ventajas del coche eléctrico, como la etiqueta CERO de la DGT."
Dacia,['Jogger'],Monovolumen Mediano,4.551 m,1.632 m,1784 mm,1298 kg,595 l,50 l,100-110 CV,7,2.0,5.8-7.7 l/100Km,"[' Gasolina', ' Bifuel']","[' Gasolina', ' Bifuel']",118-131 g/Km,"['Etiqueta medioambiental c', 'Etiqueta medioambiental ECO', 'Etiqueta medioambiental eco', 'Etiqueta medioambiental C', 'Etiqueta medioambiental zero']",17.040 €,"3,6","Amplitud, maletero, hasta siete plazas","['Acabados, dotación justa, sonoridad elevada']","El modelo más asequible para viajar en familia de la firma rumana, es también más interesante que el anterior Lodgy. El nuevo Jogger aterriza con cinco o siete plazas, motores eficientes y la deseada etiqueta ambiental ECO de la DGT."
Dacia,"['Jogger', 'híbrido']",Monovolumen Mediano,4.547 m,1.632 m,1784 mm,1432 kg,595 l,50 l,140 CV,5 y 7,2.0,4.8-4.9 l/100Km,['HEV Gasolina'],['HEV Gasolina'],105-107 g/Km,"['Etiqueta medioambiental c', 'Etiqueta medioambiental ECO', 'Etiqueta medioambiental eco', 'Etiqueta medioambiental C', 'Etiqueta medioambiental zero']",22.050 €,"3,7",,,
Dacia,['Lodgy'],Monovolumen Mediano,4.498 m,1.683 m,1751 mm,1263 kg,827 l,50 l,95-115 CV,7,4.0,4.8-5.0 l/100Km,[' Diesel'],[' Diesel'],-,"['Etiqueta medioambiental eco', 'Etiqueta medioambiental C', 'Etiqueta medioambiental c', 'Etiqueta medioambiental zero']",13.700 €,"2,8","Precio de derribo, espacio interior, practicidad","['Plásticos y calidades en general, estética desafortunada']","El Dacia Lodgy es un monovolúmen low-cost de tamaño compacto. Está disponible con una única carrocería, con versiones de 5 y 7 plazas. Sus motores diésel y gasolina desarrollan entre 90 CV y 115 CV."
DFSK,['600'],SUV Mediano,4.720 m,1.710 m,1865 mm,1590 kg,375 l,58 l,177 CV,7,2.0,-,[' Gasolina'],[' Gasolina'],197 g/Km,"['Etiqueta medioambiental eco', 'Etiqueta medioambiental C', 'Etiqueta medioambiental c', 'Etiqueta medioambiental ECO']",25.499 €,"2,8",,,
DFSK,['E5'],SUV Mediano,4.760 m,1.710 m,1865 mm,1895 kg,187 l,60 l,217 CV,7,4.0,7.1 l/100Km,['PHEV Gasolina'],"['PHEV Gasolina', 'DFSK E5 1.5 PHEV INTELLIGENT']",162 g/Km,"['Etiqueta medioambiental eco', 'Etiqueta medioambiental c', 'Etiqueta medioambiental ECO', 'Etiqueta medioambiental zero']",25.999 €,"2,7",,,
DFSK,"['Glory', '580']",SUV Grande,4.680 m,1.715 m,1845 mm,1510 kg,-,-,149 CV,7,4.0,9.9 l/100Km,[' Gasolina'],[' Gasolina'],222 g/Km,"['Etiqueta medioambiental c', 'Etiqueta medioambiental ECO', 'Etiqueta medioambiental eco', 'Etiqueta medioambiental C', 'Etiqueta medioambiental zero']",21.122 €,"2,5","Equipamiento de serie, espacio a bordo, precio","['Lagunas en acabado, equipamiento y dinámica de conducción']",El DFSK es un SUV compacto de 7 plazas de origen 100% chino que ofrece una alternativa -con ciertos puntos a madurar- a modelos y marcas más convencionales y establecidas en el mercado.
Ebro,['S800'],SUV Grande,4.725 m,1.705 m,1860 mm,1748 kg,-,57 l,147 CV,5 y 7,2.0,7.8 l/100Km,[' Gasolina'],[' Gasolina'],177 g/Km,"['Etiqueta medioambiental C', 'Etiqueta medioambiental ECO']",32.990 €,"3,3",,,
Ebro,"['s800', 'híbrido']",SUV Grande,4.725 m,1.705 m,1860 mm,1991 kg,-,60 l,347 CV,5 y 7,2.0,7.6 l/100Km,['PHEV Gasolina'],"['PHEV Gasolina', 'EBRO S800 1.5 TGDI PHEV LUXURY E-CVT']",172 g/Km,"['Etiqueta medioambiental ECO', 'Etiqueta medioambiental zero']",32.860 €,"3,5",,,
EVO,['7'],SUV Mediano,4.795 m,1.758 m,1870 mm,1605 kg,230 l,58 l,165-174 CV,6 y 7,2.0,7.4-9.5 l/100Km,"[' Gasolina', ' Bifuel']","[' Gasolina', 'EVO EVO 7 1.5 LPG TURBO DCT 6 SEATS', ' Bifuel', 'EVO EVO 7 1.5 LPG TURBO DCT 7 SEATS']",153-171 g/Km,"['Etiqueta medioambiental eco', 'Etiqueta medioambiental C', 'Etiqueta medioambiental c', 'Etiqueta medioambiental ECO']",29.900 €,"2,7",,,
Fiat,['Ulysse'],Monovolumen Grande,4.950 m,1.910 m,1920 mm,2084 kg,603 l,69 l,180 CV,5 y 6 y 7 y 8 y 9,4.0,7.2-7.3 l/100Km,[' Diesel'],[' Diesel'],190-192 g/Km,"['Etiqueta medioambiental C', 'Etiqueta medioambiental zero']",46.590 €,"3,2",,,
Fiat,"['Ulysse', 'eléctrico']",Monovolumen Grande,4.950 m,1.910 m,1920 mm,2025 kg,603 l,-,136 CV,8,4.0,0 Kms,[' Eléctrico'],"['FIAT ULYSSE BEV 75KWH M', 'FIAT ULYSSE BEV 50KWH M', 'FIAT ULYSSE BEV 75KWH XL', 'FIAT ULYSSE BEV 75KWH XL LOUNGE', 'FIAT ULYSSE BEV 50KWH XL', 'FIAT ULYSSE BEV 75KWH M LOUNGE']",0 g/Km,['Etiqueta medioambiental zero'],50.111 €,"2,9",,,
Ford,['S-Max'],Monovolumen Grande,4.796 m,m,1916 mm,1901 kg,285 l,70 l,150-190 CV,7,3.0,6.0-7.0 l/100Km,"[' Diesel', 'HEV Gasolina']","[' Diesel', 'HEV Gasolina']",-,"['Etiqueta medioambiental C', 'Etiqueta medioambiental ECO', 'Etiqueta medioambiental zero']",34.105 €,"3,5","Comportamiento dinámico, tacto de conducción, equipamiento de seguridad y asistencia a la conducción, versatilidad","['Dimensiones exteriores generosas, percepción de calidad de algunos plásticos']","La gama del S-Max destaca por las muchas variantes disponibles, incluyendo versiones con tracción total y caja de doble embrague. Es un monovolumen de carácter dinámico, de ahí que pueda tener motores de hasta 240 CV ."
Ford,"['Tourneo', 'Connect']",Monovolumen Mediano,4.515 m,1.835 m,1855 mm,1542 kg,-,50 l,102-122 CV,5 y 7,2.0,5.4-7.0 l/100Km,"[' Diesel', ' Gasolina']","[' Diesel', ' Gasolina']",140-164 g/Km,"['Etiqueta medioambiental C', 'Etiqueta medioambiental zero']",25.863 €,"3,5","Comportamiento, gama variada, equipo disponible","['Detalles de acabado, ventanillas traseras con apertura ""de compás""']",Gracias al acuerdo con Volkswagen nace la nueva generación del Tourneo Courier que comparte muchos elementos con el Volkswagen Caddy aunque en su interior los acabados están más cuidados. Es práctico y cuenta con versiones con etiqueta CERO
Ford,"['Tourneo', 'Custom']",Monovolumen Grande,4.972 m,1.981 m,2080 mm,2259 kg,-,66 l,136-170 CV,5 y 7 y 8,5.0,7.0-8.1 l/100Km,[' Diesel'],[' Diesel'],193-229 g/Km,['Etiqueta medioambiental C'],41.726 €,"3,5","Gama, motores, comportamiento, calidades","['Precios algo elevados según versiones, versión eléctrica cara']","Gama generosa en versiones y mecánicas, es además uno de los derivados de un comercial con mejores acabados y mayores posibilidades de equipamiento. Además su precio resulta muy razonable para todo lo que ofrece"
Ford,"['Tourneo', 'Custom', 'eléctrico']",Monovolumen Grande,4.972 m,1.981 m,2080 mm,2472 kg,-,-,218-286 CV,5 y 7 y 8,5.0,0 Kms,[' Eléctrico'],"['FORD TOURNEO CUSTOM BEV 64KWH 160KW (218CV) ACTIVE LWB RWD AUTO', 'FORD TOURNEO CUSTOM BEV 64KWH 210KW (286CV) SPORT SWB RWD AUTO', 'FORD TOURNEO CUSTOM BEV 64KWH 160KW (218CV) TITANIUM SWB RWD AUTO', 'FORD TOURNEO CUSTOM BEV 64KWH 160KW (218CV) TITANIUM X SWB RWD AUTO', 'FORD TOURNEO CUSTOM BEV 64KWH 160KW (218CV) TITANIUM LWB RWD AUTO', 'FORD TOURNEO CUSTOM BEV 64KWH 160KW (218CV) TITANIUM X LWB RWD AUTO', 'FORD TOURNEO CUSTOM BEV 64KWH 160KW (218CV) ACTIVE SWB RWD AUTO']",0 g/Km,['Etiqueta medioambiental zero'],66.775 €,"3,3","Potencia, prestaciones, interior muy amplio","['Precio elevado, autonomía algo justa, consumos sensibles']","Un monovolumen eléctrico para viajar en familia que destaca por su amplitud interior, posibilidades de equipamiento muy generosas y un nivel de prestaciones muy bueno. En su interior pueden viajar hasta ocho pasajeros."
Ford,"['Transit', 'Connect']",Comercial,4.500 m,1.833 m,1855 mm,1542 kg,-,50 l,102-122 CV,5 y 7,4.0,5.4-7.0 l/100Km,"[' Diesel', ' Gasolina']","[' Diesel', ' Gasolina']",140-164 g/Km,['Etiqueta medioambiental C'],19.603 €,"3,1",,,
Hongqi,['eHS9'],SUV XXL,5.209 m,1.713 m,2010 mm,2505 kg,-,-,435-551 CV,"0,8  h",2.0,396-515 Kms,[' Eléctrico'],"['HONGQI E-HS9 BEV 99KWH PRESIDENT', 'HONGQI E-HS9 BEV 120KWH PRESIDENT LONG RANGE', 'HONGQI E-HS9 BEV 84KWH BUSINESS', 'HONGQI E-HS9 BEV 99KWH EXECUTIVE']",0 g/Km,"['Etiqueta medioambiental eco', 'Etiqueta medioambiental c', 'Etiqueta medioambiental zero']",93.989 €,"3,3",,,
Hyundai,['Kona'],SUV Pequeño,4.350 m,1.570 m,1825 mm,1295 kg,466 l,47 l,100-170 CV,5,2.0,5.5-7.1 l/100Km,"[' Gasolina', 'MHEV Gasolina']","['HYUNDAI KONA 1.0T MHEV N LINE', 'HYUNDAI KONA 1.0T MHEV MAXX', ' Gasolina', 'HYUNDAI KONA (O)1.0 TGDI MHEV FLEXX', 'MHEV Gasolina']",124-161 g/Km,"['Etiqueta medioambiental C', 'Etiqueta medioambiental ECO']",24.390 €,"3,7","Posibilidades de equipamiento, tracción total disponible, diseño arriesgado, garantía","['Aspecto de algunos plásticos, diseño arriesgado, volumen de maletero algo justo']","Situado en un escalón inferior al Tucson, disfruta de una estética muy personal y dinámica con la que pretende captar la atención del público más joven. Es interesante que se ofrezca la opción de la tracción total a las cuatro ruedas, un elemento no demasiado extendido en el segmento."
Hyundai,"['Kona', 'Híbrido']",SUV Pequeño,4.350 m,1.570 m,1825 mm,1410 kg,466 l,38 l,129-141 CV,5,2.0,4.5-4.7 l/100Km,['HEV Gasolina'],['HEV Gasolina'],103-107 g/Km,['Etiqueta medioambiental ECO'],27.340 €,"3,7","Consumos, etiqueta ECO, equipamiento completo","['Autonomía eléctrica limitada, precio sin ofertas']","La versión híbrida destaca por su equilibrio general, disfrutando de unas prestaciones correctas, un consumos ajustado y la comodidad de su caja de doble embrague. Por precio queda bien situado respecto a otros rivales directos gracias a una dotación muy completa"
Hyundai,"['Kona', 'eléctrico']",SUV Pequeño,4.355 m,1.580 m,1825 mm,1615 kg,466 l,-,135-204 CV,"0,68  h",2.0,380-510 Kms,[' Eléctrico'],"['HYUNDAI KONA BEV 65KWH 150KW (204CV) N LINE STYLE', 'HYUNDAI KONA BEV 65KWH 150KW (204CV) TECNO 2-TONE', 'HYUNDAI KONA BEV 65KWH 150KW (204CV) N LINE', 'HYUNDAI KONA BEV 49KWH 99KW (135CV) FLEXX', 'HYUNDAI KONA BEV 65KWH 150KW (204CV) FLEXX']",0 g/Km,['Etiqueta medioambiental zero'],22.940 €,"3,8","Autonomía elevada, prestaciones impresionantes","['Precio elevado, como cualquier eléctrico']","El Hyundai Kona EV, la versión eléctrica del Kona, cuenta con un poderoso motor de 204 CV, unas baterías de hasta 65 kWh que le proporcionan una autonomía récord de hasta 510 km WLTP (realista). Esto lo convierte en un coche urbano de tamaño compacto que también es apto para viajes razonablemente largos. Apoyado por un punto de recarga intermedio, este coche puede ir desde Madrid a cualquier punto de España sin ningún problema."
Hyundai,"['Santa', 'Fe', 'Híbrido']",SUV Grande,4.830 m,1.770 m,1900 mm,1965 kg,130 l,67 l,215-253 CV,7,4.0,1.7-7.4 l/100Km,"['PHEV Gasolina', 'HEV Gasolina']","['HYUNDAI SANTA FE 1.6T PHEV STYLE DIGITAL KEY', 'HYUNDAI SANTA FE 1.6T PHEV STYLE GREEN', 'HEV Gasolina', 'HYUNDAI SANTA FE 1.6T PHEV TECNO SMART SENSE', 'HYUNDAI SANTA FE 1.6T PHEV MAXX SMART SENSE', 'PHEV Gasolina', 'HYUNDAI SANTA FE (O)1.6T PHEV TECNO', 'HYUNDAI SANTA FE (O)1.6T PHEV MAXX']",38-168 g/Km,"['Etiqueta medioambiental ECO', 'Etiqueta medioambiental zero']",51.210 €,"3,9","Arsenal tecnológico, confort en marcha, mejora de acabados",['Precio elevado para lo que busca un cliente en Hyundai'],"El Hyundai Santa Fe se posiciona como el buque insignia SUV de la firma coreana, ofreciendo una importa mejora en tecnología, diseño, acabados y comportamiento. Sin duda, una de las opciones más sensatas del mercado arropada por un abanico de opciones mecánicas muy interesantes."
Hyundai,"['Staria', 'híbrido']",Monovolumen Grande,5.250 m,1.990 m,1970 mm,2280 kg,831 l,65 l,225 CV,9,2.0,7.6 l/100Km,['HEV Gasolina'],['HEV Gasolina'],172 g/Km,"['Etiqueta medioambiental ECO', 'Etiqueta medioambiental zero']",49.440 €,"4,0","Confort de marcha, espacio para los pasajeros, diseño diferente, etiqueta ECO","['Calidad de algunos materiales, ruido aerodinámico, precio algo alto']","El Hyundai Staria recupera un segmento que se creía extinto, y lo hace con argumentos de peso"
KGM (SsangYong),"['(SsangYong)', 'Rexton']",SUV Grande,4.850 m,1.825 m,1960 mm,2105 kg,820 l,70 l,202 CV,7,2.0,7.7 l/100Km,[' Diesel'],[' Diesel'],203 g/Km,"['Etiqueta medioambiental C', 'Etiqueta medioambiental ECO', 'Etiqueta medioambiental zero']",39.900 €,"3,1","Posibilidad de 7 plazas, estética, presentación, equipamiento, relación valor-precio","['Equipamiento cerrado, consumos sensibles, oferta mecánica limitada']","El SsangYong Rexton G4 es uno de los mejores productos de la marca jamás fabricados. Puede incluir muchos elementos de equipamiento tanto en seguridad como en confort, mantiene la opción de la tracción sencilla o total, y la caja de cambios automática con siete velocidades. La relación valor-precio es buena y el interior es apto para hasta siete ocupantes."
Kia,"['e-Niro', 'eléctrico']",SUV Pequeño,4.420 m,1.570 m,1825 mm,1757 kg,475 l,-,204 CV,"0,75  h",2.0,460 Kms,[' Eléctrico'],"['KIA NIRO BEV 65KWH 150KW (204CV) E-NIRO CONCEPT', 'KIA NIRO BEV 65KWH 150KW (204CV) E-NIRO EMOTION', 'KIA NIRO BEV 65KWH 150KW (204CV) E-NIRO DRIVE', 'KIA NIRO BEV 65KWH 150KW (204CV) E-NIRO WINTER EDITION', 'KIA NIRO BEV 65KWH 150KW (204CV) E-NIRO SMART EDITION', 'KIA NIRO BEV 65KWH 150KW (204CV) E-NIRO BUSINESS']",0 g/Km,['Etiqueta medioambiental zero'],22.360 €,"3,7","Autonomía elevada, formato práctico urbano y familiar","['Precio elevado, como todos los eléctricos']","El Kia e-Niro es técnicamente el mismo coche que el Hyundai IONIQ eléctrico, con el que comparte plataforma y mecánica, pero en este caso en un formato SUV algo más espacioso y a la vez más corto. Cuenta con una autonomía de hasta 463 km en WLTP (realista) lo cual es un auténtico récord, gracias a sus baterías de 64,8 kWh."
Kia,['EV9'],SUV XXL,5.100 m,1.780 m,1980 mm,2674 kg,333 l,-,385 CV,"0,4  h",4.0,505 Kms,[' Eléctrico'],"['KIA EV9 BEV 100KWH 283KW (385CV) GT-LINE AWD 6-SEATER', 'KIA EV9 BEV 100KWH 283KW (385CV) GT-LINE AWD 7-SEATER']",0 g/Km,['Etiqueta medioambiental zero'],74.860 €,"4,2",,,
Kia,['EV9'],SUV XXL,5.100 m,1.780 m,1980 mm,2674 kg,333 l,-,385 CV,"0,4  h",3.0,505 Kms,[' Eléctrico'],"['KIA EV9 BEV 100KWH 283KW (385CV) GT-LINE AWD 6-SEATER', 'KIA EV9 BEV 100KWH 283KW (385CV) GT-LINE AWD 7-SEATER']",0 g/Km,['Etiqueta medioambiental zero'],74.860 €,"4,2",,,
Kia,"['Sorento', 'Híbrido']",SUV Grande,4.810 m,1.700 m,1900 mm,1783 kg,179 l,67 l,215-252 CV,7,3.0,1.6-7.4 l/100Km,"['PHEV Gasolina', 'HEV Gasolina']","['HEV Gasolina', 'KIA SORENTO 1.6 T-GDI PHEV DRIVE AUTO 4WD', 'PHEV Gasolina', 'KIA SORENTO 1.6 T-GDI PHEV EMOTION PACK PREM AUT 4WD', 'KIA SORENTO 1.6 T-GDI PHEV EMOTION AUTO 4WD']",37-160 g/Km,"['Etiqueta medioambiental ECO', 'Etiqueta medioambiental zero']",50.140 €,"3,9","Calidad de construcción, equipamiento, mecánicas avanzadas, relación calidad-precio","['Muchos rivales, precio algo elevado para la mayoría de clientes que buscan un KIA']","El KIA Sorento destaca por las generosas dimensiones de su carrocería, capaz de acoger sin estrecheces a 7 pasajeros a bordo. Está disponible en versiones híbrida convencional e híbrida enchufable, con etiquetas ECO y CERO de la DGT respectivamente."
Land Rover,"['Rover', 'Discovery', 'Sport']",SUV Mediano,4.589 m,1.727 m,1904 mm,1949 kg,780 l,65 l,163-204 CV,7,2.0,6.6-6.7 l/100Km,['MHEV Diesel'],"['MHEV Diesel', 'LAND ROVER DISCOVERY SPORT (O)2.0 D165 MHEV DYNAMIC SE AWD AUTO', 'LAND ROVER DISCOVERY SPORT 2.0 D200 MHEV DYNAMIC SE AWD AUTO', 'LAND ROVER DISCOVERY SPORT (O)2.0 D200 MHEV S AWD AUTO', 'LAND ROVER DISCOVERY SPORT 2.0 D200 MHEV S AWD AUTO', 'LAND ROVER DISCOVERY SPORT (O)2.0 D200 MHEV DYNAMIC SE AWD AUTO', 'LAND ROVER DISCOVERY SPORT (O)2.0 D165 MHEV S AWD AUTO', 'LAND ROVER DISCOVERY SPORT 2.0 D165 MHEV DYNAMIC SE AWD AUTO', 'LAND ROVER DISCOVERY SPORT 2.0 D165 MHEV S AWD AUTO']",173-176 g/Km,"['Etiqueta medioambiental C', 'Etiqueta medioambiental ECO', 'Etiqueta medioambiental zero']",57.979 €,"3,5","Posibilidad de 7 plazas, diseño general, calidad de construcción, aptitudes todoterreno, etiqueta ECO","['Precio elevado, prestaciones justas, suspensión algo seca, difícil acceso a las plazas auxiliares']","El Land Rover Discovery Sport es el sustituto del Freelander, al que aporta un rediseño brutal y la posibilidad de contar con 7 plazas, amén de mecánicas microhíbridas con las que recibe la etiqueta ECO de la DGT."
Land Rover,"['Rover', 'Discovery', 'Sport', 'Híbrido']",SUV Mediano,4.597 m,1.727 m,1904 mm,2168 kg,780 l,58 l,269 CV,5,2.0,7.7-7.8 l/100Km,['PHEV Gasolina'],"['LAND ROVER DISCOVERY SPORT (O)1.5 P270E PHEV S AWD AUTO', 'LAND ROVER DISCOVERY SPORT 1.5 P270E PHEV DYNAMIC SE AWD AUTO', 'LAND ROVER DISCOVERY SPORT 1.5 P270E PHEV S AWD AUTO', 'PHEV Gasolina', 'LAND ROVER DISCOVERY SPORT (O)1.5 P270E PHEV DYNAMIC SE AWD AUTO']",174-176 g/Km,"['Etiqueta medioambiental ECO', 'Etiqueta medioambiental zero']",59.983 €,"3,5","Diseño, polivalencia interior, suavidad en modo eléctrico","['Peso y consumos, eficiencia con las baterías agotadas']","El Land Rover Discovery Sport también está disponible en versión híbrida enchufable, beneficiándose de una electrificación profunda para ofrecer más de 40 kilómetros de autonomía 100% eléctrica."
Lexus,['LM'],Monovolumen Grande,5.130 m,1.945 m,1890 mm,-,-,75 l,250 CV,4 y 7,2.0,7.4 l/100Km,['HEV Gasolina'],['HEV Gasolina'],167 g/Km,"['Etiqueta medioambiental ECO', 'Etiqueta medioambiental zero']",125.000 €,"4,3",,,
Mazda,['CX-80'],SUV Grande,4.995 m,1.714 m,1890 mm,2131 kg,258 l,74 l,254 CV,5 y 7,2.0,5.8 l/100Km,['MHEV Diesel'],"['MAZDA CX-80 3.3 E-SKYACTIV D254 MHEV EXCL.-L A. AWD', 'MHEV Diesel', 'MAZDA CX-80 3.3 E-SKYACTIV D254 MHEV HOMURA AWD', 'MAZDA CX-80 3.3 E-SKY D254 MHEV EXCL.-L PLUS A. AWD', 'MAZDA CX-80 3.3 E-SKYACTIV D254 MHEV TAKUMI AWD', 'MAZDA CX-80 3.3 E-SKYACTIV D254 MHEV TAKUMI PLUS AWD', 'MAZDA CX-80 3.3 E-SKYACTIV D254 MHEV HOMURA PLUS AWD']",148-151 g/Km,"['Etiqueta medioambiental ECO', 'Etiqueta medioambiental zero']",56.198 €,"4,1",,,
Mazda,"['CX-80', 'híbrido']",SUV Grande,4.995 m,1.714 m,1890 mm,2240 kg,258 l,70 l,327 CV,7,2.0,8.1 l/100Km,['PHEV Gasolina'],"['MAZDA CX-80 2.5 E-SKYACTIV PHEV HOMURA AUTO AWD', 'MAZDA CX-80 2.5 E-SKYACTIV PHEV TAKUMI AUTO AWD', 'MAZDA CX-80 2.5 E-SKYACTIV PHEV EXCLUSIVE-L AUTO AWD', 'MAZDA CX-80 2.5 E-SKY PHEV EXCLUSIVE-L PLUS AUTO AWD', 'MAZDA CX-80 2.5 E-SKYACTIV PHEV TAKUMI PLUS AUTO AWD', 'MAZDA CX-80 2.5 E-SKYACTIV PHEV HOMURA PLUS AUTO AWD', 'PHEV Gasolina']",35-36 g/Km,"['Etiqueta medioambiental ECO', 'Etiqueta medioambiental zero']",55.994 €,"4,1",,,
Mercedes-Benz,['GLB'],SUV Mediano,4.634 m,1.659 m,1834 mm,1640 kg,565 l,52 l,150-306 CV,7,4.0,5.6-9.0 l/100Km,"[' Diesel', 'MHEV Gasolina']","['MERCEDES GLB 2.0 GLB 250 MHEV 4MATIC DCT', 'MERCEDES GLB 2.0 MERCEDES-AMG GLB 35 MHEV 4MATIC DCT', 'MERCEDES GLB 1.3 GLB 200 MHEV DCT', ' Diesel', 'MHEV Gasolina']",146-204 g/Km,"['Etiqueta medioambiental C', 'Etiqueta medioambiental ECO', 'Etiqueta medioambiental zero']",49.480 €,"3,6","Equipamiento disponible, hasta siete asientos, comportamiento","['Precio elevado, opciones caras, maletero con siete asientos en uso justo']","El nuevo SUV compacto con hasta siete asientos se sitúa a medio camino entre los GLA y GLC con interesantes virtudes. Se pueden pedir con varios motores gasolina y diésel, siempre muy eficientes"
Mercedes-Benz,"['Clase', 'T']",Monovolumen Pequeño,4.498 m,1.811 m,1859 mm,1599 kg,517 l,54 l,95-131 CV,5 y 7,3.0,5.3-6.7 l/100Km,"[' Diesel', ' Gasolina']","[' Diesel', ' Gasolina']",140-155 g/Km,"['Etiqueta medioambiental C', 'Etiqueta medioambiental ECO']",34.035 €,"3,4","Diseño, capacidad para 7 ocupantes, carga tecnológica, posibilidad de camperización","['Materiales no acordes con el precio, el Renault Kangoo es el mismo coche pero más barato']","El Mercedes-Benz Clase T destaca por ser el turismo más barato de la firma de la estrella, cuenta con la posibilidad de tener 7 plazas e incluso una camperización"
Mercedes-Benz,"['Clase', 'V']",Monovolumen Grande,5.140 m,1.900 m,1928 mm,2266 kg,610 l,57 l,163-239 CV,8,4.0,7.1-10.2 l/100Km,[' Diesel'],[' Diesel'],185-233 g/Km,"['Etiqueta medioambiental C', 'Etiqueta medioambiental ECO', 'Etiqueta medioambiental zero']",74.149 €,"3,8","Espacio interior bestial, posibilidad de 8 plazas individuales, confort y silencio de marcha, calidad de acabados","['Sensación y sonidos de furgoneta, precio muy elevado']","Enorme por dentro, destaca por sus muchas posibilidades de equipamiento, y la variedad de carrocerías y niveles de acabado. Se fabrica en España para los principales mercados internacionales."
Mercedes-Benz,"['EQB', 'eléctrico']",SUV Mediano,4.634 m,1.689 m,1834 mm,2105 kg,495 l,-,190-292 CV,"0,53-0,58  h",4.0,467-535 Kms,[' Eléctrico'],"['MERCEDES EQB BEV 71KWH EQB 300 AUTO 4MATIC', 'MERCEDES EQB BEV 71KWH EQB 250+ AUTO', 'MERCEDES EQB BEV 71KWH EQB 350 AUTO 4MATIC', 'MERCEDES EQB BEV 71KWH EQB 250+ AMG NIGHT EDITION AT']",0 g/Km,['Etiqueta medioambiental zero'],58.260 €,"3,6","Capacidad para 7 ocupantes, prestaciones, autonomía","['Precio elevado, algunas calidades mejorables']","El Mercedes-Benz EQB se establece como uno de los seis modelos 100% eléctricos de la firma alemana, así como de ser uno de los pocos del mercado en ofrecer 7 plazas."
Mercedes-Benz,['GLB'],SUV Mediano,4.634 m,1.659 m,1834 mm,1640 kg,565 l,52 l,150-306 CV,7,4.0,5.6-9.0 l/100Km,"[' Diesel', 'MHEV Gasolina']","['MERCEDES GLB 2.0 GLB 250 MHEV 4MATIC DCT', 'MERCEDES GLB 2.0 MERCEDES-AMG GLB 35 MHEV 4MATIC DCT', 'MERCEDES GLB 1.3 GLB 200 MHEV DCT', ' Diesel', 'MHEV Gasolina']",146-204 g/Km,"['Etiqueta medioambiental C', 'Etiqueta medioambiental ECO', 'Etiqueta medioambiental zero']",49.480 €,"3,6","Equipamiento disponible, hasta siete asientos, comportamiento","['Precio elevado, opciones caras, maletero con siete asientos en uso justo']","El nuevo SUV compacto con hasta siete asientos se sitúa a medio camino entre los GLA y GLC con interesantes virtudes. Se pueden pedir con varios motores gasolina y diésel, siempre muy eficientes"
Mercedes-Benz,['GLE'],SUV XXL,4.924 m,1.797 m,2010 mm,2335 kg,630 l,85 l,269-612 CV,7,3.0,6.9-12.5 l/100Km,"['MHEV Diesel', 'MHEV Gasolina']","['MHEV Diesel', 'MHEV Gasolina', 'MERCEDES GLE 3.0 GLE 450 MHEV AUTO 4MATIC', 'MERCEDES GLE 2.0 GLE 300 D MHEV AUTO 4MATIC', 'MERCEDES GLE 3.0 GLE 450 D MHEV AUTO 4MATIC']",182-284 g/Km,"['Etiqueta medioambiental C', 'Etiqueta medioambiental ECO']",91.914 €,"3,9","Diseño, calidades, posibilidad de 7 plazas, capacidad todoterreno","['Precio elevado, opciones caras']","El Mercedes GLE es lo mejor que sabe hacer Mercedes en formato de SUV Grande de hasta 7 plazas. Incorpora toda la tecnología en motores, seguridad, equipamiento y capacidades 4x4 que dispone la marca y se convierte en un candidato notable para competir contra el BMW X5 (que no ofrece 7 plazas) con su magnífico interior de doble pantalla gigante, excelentes acabados, un diseño atractivo y el plus de la estrella de Mercedes."
Mercedes-Benz,"['GLE', 'Híbrido']",SUV XXL,4.924 m,1.797 m,2010 mm,2665 kg,490 l,65 l,333-544 CV,5,3.0,7.0-10.7 l/100Km,"['PHEV Diesel', 'PHEV Gasolina']","['PHEV Diesel', 'MERCEDES GLE 2.0 GLE 400 E PHEV AUTO 4MATIC', 'MERCEDES GLE 2.0 GLE 350 DE PHEV AUTO 4MATIC', 'PHEV Gasolina', 'MERCEDES GLE 3.0 MERCEDES-AMG GLE 53 PHEV 4MATIC+']",60-92 g/Km,"['Etiqueta medioambiental ECO', 'Etiqueta medioambiental zero']",96.618 €,"3,9","Imagen, rendimiento del conjunto mecánico, autonomía eléctrica","['Precio, peso']","El Mercedes GLE apuesta por una fórmula de electrificación poco convencional, uniendo un motor diésel de seis cilindros con uno de los sistemas eléctricos más potentes del mercado, que le ofrece una autonomía cercana a los 100 kilómetros"
Mercedes-Benz,['GLS'],SUV XXL,5.210 m,1.823 m,1956 mm,2615 kg,355 l,90 l,313-612 CV,7 y 5,3.0,7.9-13.7 l/100Km,"['MHEV Diesel', 'MHEV Gasolina']","['MHEV Diesel', 'MERCEDES GLS 3.0 450 D MHEV AUTO', 'MERCEDES GLS 3.0 350 D MHEV AUTO', 'MERCEDES GLS 3.0 450 MHEV AUTO', 'MHEV Gasolina']",204-310 g/Km,"['Etiqueta medioambiental C', 'Etiqueta medioambiental ECO', 'Etiqueta medioambiental zero']",118.594 €,"3,6","Calidad de rodadura, confort, carga tecnológica","['Dimensiones, precio de algunos opcionales, ciertos ajustes']","El Mercedes-Benz GLS se posiciona como el SUV de lujo de la firma de la estrella, albergando en esta carrocería la calidad, tecnología y exclusividad que también podemos encontrar en su homólogo berlina, el Clase S."
Mitsubishi,"['Outlander', 'Híbrido']",SUV Grande,4.710 m,1.746 m,1862 mm,2070 kg,495 l,53 l,306 CV,5,2.0,0.8 l/100Km,['PHEV Gasolina'],"['MITSUBISHI OUTLANDER 2.4 PHEV MOTION', 'MITSUBISHI OUTLANDER 2.4 PHEV FIRST EDITION', 'MITSUBISHI OUTLANDER 2.4 PHEV KAITEKI', 'MITSUBISHI OUTLANDER 2.4 PHEV KAITEKI+', 'PHEV Gasolina']",19 g/Km,"['Etiqueta medioambiental ECO', 'Etiqueta medioambiental zero']",44.300 €,"3,5","Calidad de acabados, autonomía eléctrica, etiqueta CERO, amplitud","['Equipamiento cerrado, precio sin descuentos']","El Mitsubishi Outlander híbrido enchufable regresa a Europa con una interesante propuesta que combina una autonomía eléctrica generosa con una presentación muy cuidada, y una dotación siempre muy completa"
Nissan,['Townstar'],Monovolumen Mediano,4.490 m,1.793 m,1860 mm,1475 kg,750 l,54 l,130 CV,5,3.0,6.7-7.1 l/100Km,[' Gasolina'],[' Gasolina'],152-161 g/Km,"['Etiqueta medioambiental C', 'Etiqueta medioambiental zero']",25.610 €,"3,3",,,
Nissan,['X-Trail'],SUV Grande,4.680 m,1.695 m,1840 mm,1781 kg,585 l,55 l,163 CV,5 y 7,4.0,6.9-7.2 l/100Km,['MHEV Gasolina'],"['NISSAN X-TRAIL 1.5T MHEV 120KW (163CV) CVT N-CONNECTA 7 SEATS', 'NISSAN X-TRAIL 1.5T MHEV 120KW (163CV) CVT TEKNA 7 SEATS', 'NISSAN X-TRAIL 1.5T MHEV 120KW (163CV) CVT ACENTA', 'NISSAN X-TRAIL 1.5T MHEV 120KW (163CV) CVT TEKNA', 'NISSAN X-TRAIL 1.5T MHEV 120KW (163CV) CVT N-CONNECTA', 'NISSAN X-TRAIL 1.5T MHEV 120KW (163CV) CVT ACENTA 7 SEATS', 'MHEV Gasolina']",157-163 g/Km,"['Etiqueta medioambiental C', 'Etiqueta medioambiental ECO', 'Etiqueta medioambiental zero']",32.900 €,"3,5","Amplitud interior, disponibilidad de 7 plazas, confort de marcha, equipamiento muy completo","['Precios algo elevados, pocas opciones de personalización']","El Nissan X-Trail tiene el tamaño de un SUV mediano (Audi Q5, Hyundai Santa Fe), con un amplio despliegue tecnológico y con todos los ingredientes para ser un atractivo y moderno objeto de deseo familiar."
Nissan,['X-Trail'],SUV Grande,4.680 m,1.695 m,1840 mm,1781 kg,585 l,55 l,163 CV,5 y 7,4.0,6.9-7.2 l/100Km,['MHEV Gasolina'],"['NISSAN X-TRAIL 1.5T MHEV 120KW (163CV) CVT N-CONNECTA 7 SEATS', 'NISSAN X-TRAIL 1.5T MHEV 120KW (163CV) CVT TEKNA 7 SEATS', 'NISSAN X-TRAIL 1.5T MHEV 120KW (163CV) CVT ACENTA', 'NISSAN X-TRAIL 1.5T MHEV 120KW (163CV) CVT TEKNA', 'NISSAN X-TRAIL 1.5T MHEV 120KW (163CV) CVT N-CONNECTA', 'NISSAN X-TRAIL 1.5T MHEV 120KW (163CV) CVT ACENTA 7 SEATS', 'MHEV Gasolina']",157-163 g/Km,"['Etiqueta medioambiental C', 'Etiqueta medioambiental ECO', 'Etiqueta medioambiental zero']",32.900 €,"3,5","Amplitud interior, disponibilidad de 7 plazas, confort de marcha, equipamiento muy completo","['Precios algo elevados, pocas opciones de personalización']","El Nissan X-Trail tiene el tamaño de un SUV mediano (Audi Q5, Hyundai Santa Fe), con un amplio despliegue tecnológico y con todos los ingredientes para ser un atractivo y moderno objeto de deseo familiar."
Opel,"['Combo', 'Life']",Monovolumen Pequeño,4.450 m,1.880 m,1848 mm,1505 kg,1050 l,50 l,100-130 CV,7,3.0,6.0 l/100Km,[' Diesel'],[' Diesel'],138-148 g/Km,['Etiqueta medioambiental C'],25.727 €,"3,3","Espacio interior, robustez","['Acabados simples, poca tecnología']","Una furgoneta pensada para ser también práctica y atractiva para familias: así es la Opel Combo, que en su versión Life mejora su imagen y se construye con más cuidado."
Opel,['Frontera'],SUV Mediano,4.380 m,1.627 m,-,1260 kg,460 l,44 l,110-146 CV,5 y 7,2.0,5.2 l/100Km,['MHEV Gasolina'],['MHEV Gasolina'],118 g/Km,"['Etiqueta medioambiental C', 'Etiqueta medioambiental ECO', 'Etiqueta medioambiental zero']",19.900 €,"3,2",,,
Opel,"['Frontera', 'eléctrico']",SUV Mediano,4.380 m,1.640 m,-,1514 kg,460 l,-,113 CV,"0,43  h",2.0,305 Kms,[' Eléctrico'],"['OPEL FRONTERA BEV 44KWH EDITION AUTO', 'OPEL FRONTERA BEV 44KWH GS AUTO']",0 g/Km,['Etiqueta medioambiental zero'],16.900 €,"3,4",,,
Opel,"['Zafira-e', 'Life', 'eléctrico']",Monovolumen Grande,4.606 m,1.910 m,1924 mm,2155 kg,-,-,136 CV,"0,5-0,75  h",2.0,218-347 Kms,[' Eléctrico'],"['OPEL ZAFIRA BEV 50KWH XL', 'OPEL ZAFIRA BEV 75KWH GS', 'OPEL ZAFIRA BEV 75KWH GS XL', 'OPEL ZAFIRA BEV 75KWH XL', 'OPEL ZAFIRA BEV 75KWH', 'OPEL ZAFIRA BEV 50KWH']",0 g/Km,['Etiqueta medioambiental zero'],50.164 €,"3,1","Etiqueta CERO, capacidad de transporte, confort de marcha","['Precio, autonomía escasa, uso más lógico en ciudad pero por tamaño se complica']","El Opel Zafira e-Life es la variante 100% eléctrica de la furgoneta alemana, y quiere ser el vehículo cero emisiones ideal para las familias numerosas."
Opel,['Zafira'],Monovolumen Mediano,4.658 m,1.890 m,1920 mm,1709 kg,-,70 l,120-177 CV,7,2.0,4.8-7.2 l/100Km,[' Diesel'],[' Diesel'],-,"['Etiqueta medioambiental C', 'Etiqueta medioambiental zero']",36.900 €,"3,5","Versatilidad, espacio interior","['Calidad de materiales justa, diseño aburrido']",El Opel Zafira es un monovolúmen familiar con 5 cómodas plazas + 2 extra en el maletero para emergencias.
Peugeot,['5008'],SUV Grande,4.791 m,1.694 m,1895 mm,1705 kg,348 l,55 l,145 CV,7,3.0,5.8 l/100Km,['MHEV Gasolina'],"['PEUGEOT 5008 1.2 MHEV HYBRID 107KW (145CV) GT EDCS6', 'PEUGEOT 5008 1.2 MHEV HYBRID 107KW (145CV) ALLURE EDCS6', '\n\n            27 de abr, 2023\xa0\xa0|\xa0\n            Peugeot 5008\n\n          Llega el motor MHEV\n        ', 'MHEV Gasolina']",130 g/Km,"['Etiqueta medioambiental C', 'Etiqueta medioambiental ECO', 'Etiqueta medioambiental zero']",35.010 €,"3,6","Diseño interior, calidad de construcción, espacio interior","['Precio, gama mecánica limitada']",El Peugeot 5008 de tercera generación es un crossover de 7 plazas con algunas soluciones de monovolumen. Puede tener un equipamiento muy completo tanto en confort como en seguridad. La calidad de los acabados han mejorado notablemente en esta tercera entrega
Peugeot,"['5008', 'híbrido']",SUV Mediano,4.791 m,1.694 m,1895 mm,2048 kg,348 l,60 l,195 CV,7,3.0,1.0 l/100Km,['PHEV Gasolina'],"['PEUGEOT 5008 1.6 PHEV 143KW (195CV) ALLURE E-DCS7', 'PHEV Gasolina', 'PEUGEOT 5008 1.6 PHEV 143KW (195CV) GT E-DCS7']",23 g/Km,"['Etiqueta medioambiental ECO', 'Etiqueta medioambiental zero']",37.660 €,"3,8",,,
Peugeot,"['5008', 'eléctrico']",SUV Mediano,4.790 m,1.694 m,1895 mm,2218 kg,348 l,-,214-231 CV,"0,45-0,5  h",3.0,500-668 Kms,[' Eléctrico'],"['PEUGEOT 5008 BEV 73KWH 157KW (214CV) GT', 'PEUGEOT 5008 BEV 73KWH 157KW (214CV) ALLURE', 'PEUGEOT 5008 BEV 97KWH 170KW (231CV) ALLURE', 'PEUGEOT 5008 BEV 97KWH 170KW (231CV) GT']",0 g/Km,['Etiqueta medioambiental zero'],37.660 €,"3,7",,,
Peugeot,['Rifter'],Monovolumen Pequeño,4.400 m,1.880 m,1848 mm,1529 kg,775 l,50 l,100-130 CV,5 y 7,3.0,5.3-5.7 l/100Km,[' Diesel'],[' Diesel'],140-150 g/Km,"['Etiqueta medioambiental C', 'Etiqueta medioambiental ECO']",26.458 €,"3,6","Equipamiento disponible, ventanillas traseras eléctricas, motores eficientes, presentación, luneta practicable, espacio interior, versatilidad","['Portón trasero muy grande, sonoridad en los diésel']","Sucesor del Partner Tepée, evoluciona para convertirse casi en una alternativa a los MPVs compactos. Con dos longitudes, los usuarios tienen la opción de elegir entre tamaño compacto de 4,4 metros o un vehículo muy capaz de 4,75 metros. En ambos casos se pueden adquirir con cinco o siete plazas."
Peugeot,"['e-Rifter', 'eléctrico']",Monovolumen Pequeño,4.403 m,1.820 m,1848 mm,1854 kg,775 l,-,136 CV,"0,5  h",3.0,329-340 Kms,[' Eléctrico'],"['PEUGEOT RIFTER BEV 50KWH ALLURE STANDARD', 'PEUGEOT RIFTER BEV 50KWH GT STANDARD', 'PEUGEOT RIFTER BEV 50KWH GT LONG', 'PEUGEOT RIFTER BEV 50KWH ALLURE LONG']",0 g/Km,['Etiqueta medioambiental zero'],37.858 €,"3,2","Precio con Plan MOVES, capacidad de carga","['Algunos acabados algo pobres, apartado tecnológico obsoleto, i-Cockpit incómodo en algunos casos']","El Peugeot e-Rifter eléctrico es la variante 100% eléctrica del monovolumen francés, postulándose así como una opción muy interesante para aquellos que requieran de un vehículo cero emisiones pero igualmente de un generoso espacio."
Peugeot,['Traveller'],Monovolumen Grande,4.650 m,1.895 m,1920 mm,2025 kg,507 l,69 l,180 CV,9,7.0,7.2-7.3 l/100Km,[' Diesel'],[' Diesel'],190-193 g/Km,['Etiqueta medioambiental C'],47.228 €,"3,0","Volumen interior bestial, capacidad de maletero, durabilidad","['Es una furgoneta, con todas sus consecuencias en comportamiento, aerodinámica y ecos interiores']",El Traveller es un vehículo multi-uso con mucha capacidad interior. Destaca por sus posibilidades de equipamiento y las mecánicas diésel con 180 CV de potencia. Además se puede elegir en dos longitudes diferentes.
Land Rover,['Rover'],SUV XXL,5.052 m,1.870 m,-,2328 kg,818 l,80 l,300-615 CV,5 y 7,5.0,7.4-11.8 l/100Km,"['MHEV Diesel', 'MHEV Gasolina']","['MHEV Diesel', 'LAND ROVER RANGE ROVER 3.0 D I6 257KW (350CV) HSE MHEV AUTO 4WD', 'LAND ROVER RANGE ROVER 3.0 D I6 257KW (350CV) AUTOBIOGRAP MHEV AUTO 4WD', 'LAND ROVER RANGE ROVER 3.0 D 257KW (350CV) HSE MHEV AUTO 4WD LWB 7SEATS', 'LAND ROVER RANGE ROVER 3.0 D I6 257KW (350CV) HSE MHEV AUTO 4WD LWB', 'LAND ROVER RANGE ROVER 3.0D 257KW (350CV) AUTOBIOGRA MHEV 4WD LWB 7SEAT', 'LAND ROVER RANGE ROVER 3.0 D I6 SE MHEV AUTO 4WD', 'LAND ROVER RANGE ROVER 3.0 D I6 HSE MHEV AUTO 4WD', 'LAND ROVER RANGE ROVER 3.0 D I6 257KW (350CV) AUTOBIOGRA MHEV 4WD LWB', 'LAND ROVER RANGE ROVER 3.0 D I6 AUTOBIOGRAPHY MHEV AUTO 4WD', 'MHEV Gasolina']",194-266 g/Km,"['Etiqueta medioambiental C', 'Etiqueta medioambiental ECO', 'Etiqueta medioambiental zero']",152.124 €,"4,3","Diseño, interior, calidad de acabados, capacidades todoterreno en otra liga, suspensión neumática",['La experiencia en carretera es la de un salón rodante con mucha inercia'],"El Range Rover es el sumum del todoterreno de lujo británico. Con un porte señorial, un estilo británico inconfundible y un interior primorosamente terminado en los mejores materiales y con exquisito gusto, el Range Rover nos ofrece unas cualidades off-road dignas del mejor todoterreno con datos como una profundidad de vadeo máxima de 1,10m, una auténtica barbaridad."
Renault,['Espace'],SUV Grande,4.857 m,1.645 m,1843 mm,1584 kg,581 l,55 l,200 CV,5 y 7,3.0,4.6-5.0 l/100Km,['HEV Gasolina'],['HEV Gasolina'],105-113 g/Km,"['Etiqueta medioambiental ECO', 'Etiqueta medioambiental zero']",38.438 €,"3,4","Amplitud, maletero con cinco asientos, diseño, presentación","['Aspecto de algunos plásticos, dimensiones, motores pequeños algo justos']","El Renault espace es un monovolúmen elevado, a medio camino de un SUV, disponible en carrocería de 5 puertas y puede disponer de 5 o 7 plazas"
Renault,"['Grand', 'Scenic']",Monovolumen Mediano,4.560 m,1.660 m,1866 mm,1616 kg,533 l,53 l,140-160 CV,7,3.0,6.5-6.6 l/100Km,[' Gasolina'],[' Gasolina'],-,['Etiqueta medioambiental C'],29.145 €,"3,4","Diseño interior y exterior, versatilidad, relación tamaño/equipamiento/precio","['Medida de neumáticos única en el mercado, detalles de calidad interior']",El Renault Grand Scénic es un monovolumen de tamaño medio con 5 amplias plazas y 2 más auxiliares que ocupan gran parte de su enorme maletero.
Peugeot,['5008'],SUV Grande,4.791 m,1.694 m,1895 mm,1705 kg,348 l,55 l,145 CV,7,3.0,5.8 l/100Km,['MHEV Gasolina'],"['PEUGEOT 5008 1.2 MHEV HYBRID 107KW (145CV) GT EDCS6', 'PEUGEOT 5008 1.2 MHEV HYBRID 107KW (145CV) ALLURE EDCS6', '\n\n            27 de abr, 2023\xa0\xa0|\xa0\n            Peugeot 5008\n\n          Llega el motor MHEV\n        ', 'MHEV Gasolina']",130 g/Km,"['Etiqueta medioambiental C', 'Etiqueta medioambiental ECO', 'Etiqueta medioambiental zero']",35.010 €,"3,6","Diseño interior, calidad de construcción, espacio interior","['Precio, gama mecánica limitada']",El Peugeot 5008 de tercera generación es un crossover de 7 plazas con algunas soluciones de monovolumen. Puede tener un equipamiento muy completo tanto en confort como en seguridad. La calidad de los acabados han mejorado notablemente en esta tercera entrega
SEAT,['Alhambra'],Monovolumen Grande,4.854 m,1.740 m,1904 mm,1715 kg,955 l,70 l,150 CV,7,3.0,7.0 l/100Km,[' Gasolina'],[' Gasolina'],-,['Etiqueta medioambiental C'],35.800 €,"3,8","Amplitud, calidad de acabados, puertas deslizantes","['Maletero con siete plazas, precio sin descuentos']",El SEAT Alhambra es un gran monovolumen de siete plazas con un gran maletero y puertas traseras correderas.
SEAT,['Tarraco'],SUV Grande,4.735 m,1.674 m,1839 mm,1578 kg,760 l,58 l,150 CV,5 y 7,3.0,5.3-6.8 l/100Km,"[' Diesel', ' Gasolina']","[' Diesel', ' Gasolina']",141-159 g/Km,"['Etiqueta medioambiental C', 'Etiqueta medioambiental ECO']",30.311 €,"3,8","Siete plazas, posibilidad de tracción total, equipamiento disponible, comportamiento","['Aspecto de algunos plásticos, tercera fila algo justa,']","Siete plazas y mucho porte es lo que ofrece el SEAT Tarraco, un todocamino con muchos elementos en común con los Skoda Kodiaq y VW Tiguan Allspace. Puede disponer de hasta siete asientos y los usuarios tienen para elegir motores de hasta 190 CV"
Skoda,"['Enyaq', 'iV', 'eléctrico']",SUV Mediano,4.648 m,1.622 m,1879 mm,2022 kg,585 l,-,170-340 CV,"0,4-0,47  h",3.0,0-580 Kms,[' Eléctrico'],"['SKODA ENYAQ BEV 82KWH SPORTLINE 85', 'SKODA ENYAQ (O)BEV 82KWH SPORTLINE 85', 'SKODA ENYAQ BEV 82KWH 85 4WD', 'SKODA ENYAQ (O)BEV 82KWH 85 4WD', 'SKODA ENYAQ BEV 63KWH 60', 'SKODA ENYAQ (O)BEV 82KWH RS', 'SKODA ENYAQ BEV 82KWH 85', 'SKODA ENYAQ (O)BEV 55KWH 50', 'SKODA ENYAQ (O)BEV 82KWH 85']",0 g/Km,['Etiqueta medioambiental zero'],37.500 €,"4,0","Diseño, calidad de construcción, opciones eléctricas variadas","['Detalles de calidad, tiempo de recarga']","El Skoda Enyaq es el primer crossover eléctrico de Skoda. Se construye sobre la plataforma modular para vehículos eléctricos de VW, la MEB, siendo primo-hermano de modelos como el VW ID.4 Mucho espacio y un diseño atractivo, con una gran autonomía y un precio muy equilibrado"
Skoda,['Kodiaq'],SUV Grande,4.758 m,1.678 m,1864 mm,1709 kg,910 l,55 l,150-265 CV,5 y 7,4.0,5.3-8.2 l/100Km,"[' Diesel', ' Gasolina', 'MHEV Gasolina']","[' Diesel', ' Gasolina', 'MHEV Gasolina']",135-186 g/Km,"['Etiqueta medioambiental C', 'Etiqueta medioambiental ECO', 'Etiqueta medioambiental zero']",37.550 €,"4,0","Hasta siete plazas, presentación, opción de tracción total","['Gama inicial limitada, precio en acabados superiores']","El Kodiaq es una interesante propuesta que destaca por sus siete plazas y un maletero muy grande. La oferta de motores es completa, con potencias que oscilan entre los 150 y 204 CV. La tracción total está disponible según motorizaciones."
Skoda,"['Kodiaq', 'híbrido']",SUV Mediano,4.758 m,1.678 m,1864 mm,1964 kg,910 l,45 l,204 CV,5 y 7,4.0,0.4-0.5 l/100Km,['PHEV Gasolina'],"['PHEV Gasolina', 'SKODA KODIAQ 1.5 TSI PHEV 150KW (204CV) DSG SPORTLINE', 'SKODA KODIAQ 1.5 TSI PHEV 150KW (204CV) DSG SELECTION', 'SKODA KODIAQ 1.5 TSI PHEV 150KW (204CV) DSG DESIGN']",9-11 g/Km,"['Etiqueta medioambiental ECO', 'Etiqueta medioambiental zero']",49.522 €,"3,8",,,
SWM,['G03F'],SUV Mediano,4.605 m,1.825 m,1815 mm,1520 kg,-,52 l,110 CV,7,2.0,7.2 l/100Km,[' Gasolina'],[' Gasolina'],181 g/Km,"['Etiqueta medioambiental eco', 'Etiqueta medioambiental C', 'Etiqueta medioambiental c', 'Etiqueta medioambiental ECO']",15.990 €,"2,4",,,
SWM,['G05F'],SUV Grande,4.750 m,1.780 m,1860 mm,1595 kg,-,52 l,139 CV,7,2.0,8.5 l/100Km,[' Gasolina'],[' Gasolina'],194-195 g/Km,"['Etiqueta medioambiental c', 'Etiqueta medioambiental ECO', 'Etiqueta medioambiental eco', 'Etiqueta medioambiental C', 'Etiqueta medioambiental zero']",19.490 €,"2,4",,,
Toyota,"['Highlander', 'Híbrido']",SUV Grande,4.966 m,1.755 m,1930 mm,2055 kg,865 l,65 l,248 CV,7,3.0,7.0 l/100Km,"['\nToyota Highlander Híbrido\n', '\n\n            21 de ene, 2021\xa0\xa0|\xa0\n            Toyota Highlander Híbrido\n\n          Ya a la venta en España\n        ', 'HEV Gasolina']",['HEV Gasolina'],158 g/Km,"['Etiqueta medioambiental ECO', 'Etiqueta medioambiental zero']",59.250 €,"3,7","Imagen, equipamiento, espacio interior, mecánica muy fiable y resolutiva","['Caja de cambios, consumos a altas velocidades']","La apuesta de Toyota para el segmento de los SUV grandes de 7 plazas se denomina Highlander, con un diseño atractivo y, como no, mecánica híbrida con etiqueta ECO."
Toyota,"['ProAce', 'City', 'Verso']",Monovolumen Pequeño,m,1.797 m,1884 mm,1516 kg,597 l,53 l,131 CV,7 y 5,3.0,5.5-5.8 l/100Km,[' Diesel'],[' Diesel'],145-151 g/Km,['Etiqueta medioambiental C'],37.372 €,"3,0",Sencillez y practicidad también para familias,['Calidad de los revestimientos'],"Para los que buscan un Toyota monovolumen, esta es la respuesta; un vehículo industrial. Sí, Toyota se beneficia de las sinergías empresariales y lanza su primer vehículo fabricado en España, una variante prima-hermana de las Citroën Berlingo y Peugeot Rifter"
Toyota,"['ProAce', 'City', 'Verso', 'eléctrico']",Monovolumen Pequeño,4.408 m,1.797 m,1884 mm,1811 kg,597 l,-,136 CV,"0,5  h",3.0,330 Kms,[' Eléctrico'],"['TOYOTA PROACE CITY VERSO BEV 50KWH 136PS FAMILY ACTIVE L2 7STR', 'TOYOTA PROACE CITY VERSO BEV 50KWH 136PS FAMILY ACTIVE L1', 'TOYOTA PROACE CITY VERSO BEV 50KWH 136PS FAMILY ADVANCE L1']",0 g/Km,['Etiqueta medioambiental zero'],43.137 €,"3,1","Relación calidad-precio, habitabilidad, versión de pasajeros","['Calidades interiores, sistema de infoentretenimiento']","La Toyota ProAce City eléctrico es la versión 100% eléctrica de la firma nipona. Con su típico compromiso entre fiabilidad y buena relación calidad-precio, la apuesta de Toyota se convierte en una de las apuestas más sensatas de entre las furgonetas 100% eléctricas."
Toyota,"['ProAce', 'Verso']",Monovolumen Grande,4.609 m,1.910 m,1924 mm,1924 kg,507 l,70 l,144-177 CV,7,3.0,7.3-7.6 l/100Km,[' Diesel'],[' Diesel'],191-200 g/Km,"['Etiqueta medioambiental C', 'Etiqueta medioambiental zero']",32.000 €,"3,1",,,
Volkswagen,['Caddy'],Monovolumen Mediano,4.408 m,1.833 m,1855 mm,1646 kg,-,50 l,102-150 CV,5 y 7,5.0,5.4-6.4 l/100Km,[' Diesel'],[' Diesel'],141-164 g/Km,"['Etiqueta medioambiental C', 'Etiqueta medioambiental ECO', 'Etiqueta medioambiental zero']",35.713 €,"3,3","Calidad de rodadura, diseño, posibilidades de equipamiento","['Precio, refinamiento del motor diésel']","El comercial compacto de Volkswagen es uno de los mejores del mercado en cuanto a calidad de construcción, diseño y tecnología tanto de confort como de seguridad."
Volkswagen,['California'],Monovolumen Grande,5.173 m,1.972 m,1904 mm,2411 kg,-,70 l,110-204 CV,5 y 6,3.0,6.5-8.5 l/100Km,[' Diesel'],[' Diesel'],172-223 g/Km,['Etiqueta medioambiental C'],62.250 €,"4,2","Diseño, posibilidades de equipamiento, polivalencia","['Dinámica de conducción, precio, consumo']",La Volkswagen California se presenta como una alternativa a los monovolúmenes tradicionales gracias a su enfoque recreacional y familiar
Volkswagen,['Caravelle'],Monovolumen Grande,4.904 m,1.979 m,1904 mm,2112 kg,-,70 l,110-204 CV,5 y 6 y 7 y 8 y 9,3.0,7.1-8.7 l/100Km,[' Diesel'],[' Diesel'],185-228 g/Km,['Etiqueta medioambiental C'],48.024 €,"3,7",,,
Volkswagen,['Multivan'],Monovolumen Grande,4.973 m,1.909 m,1941 mm,2049 kg,-,58 l,150-245 CV,5 y 6 y 7 y 8,5.0,6.4-7.7 l/100Km,"[' Diesel', 'PHEV Gasolina']","['VOLKSWAGEN MULTIVAN 1.5 EHYBRID PHEV DSG 4WD', 'VOLKSWAGEN MULTIVAN 1.5 EHYBRID PHEV DSG 4WD LIFE', 'VOLKSWAGEN MULTIVAN 1.5 EHYBRID PHEV DSG 4WD STYLE', 'VOLKSWAGEN MULTIVAN 1.5 EHYBRID PHEV DSG LWB 4WD STYLE', ' Diesel', 'PHEV Gasolina']",169-174 g/Km,"['Etiqueta medioambiental C', 'Etiqueta medioambiental ECO', 'Etiqueta medioambiental zero']",62.433 €,"3,6","Espacio para 8 personas con equipaje, equipamiento","['Precio elevado, tacto en curva condicionado por su altura']","La Volkswagen Multivan es una furgoneta de pasajeros, derivada de vehículo industrial, que puede contar con hasta 8 cómodas plazas para adultos y espacio suficiente para todo su equipaje. El Volkswagen Multivan se conduce como un turismo y cuenta con muchos detalles de seguridad y equipamiento, para convertirse en un monovolumen cómodo espacioso y robusto."
Volkswagen,"['Multivan', 'híbrido']",Monovolumen Grande,4.973 m,1.909 m,1941 mm,2294 kg,-,-,245 CV,5 y 6 y 7 y 8,5.0,7.5-7.7 l/100Km,['PHEV Gasolina'],"['VOLKSWAGEN MULTIVAN 1.5 EHYBRID PHEV DSG 4WD', 'VOLKSWAGEN MULTIVAN 1.5 EHYBRID PHEV DSG 4WD LIFE', 'VOLKSWAGEN MULTIVAN 1.5 EHYBRID PHEV DSG 4WD STYLE', 'VOLKSWAGEN MULTIVAN 1.5 EHYBRID PHEV DSG LWB 4WD STYLE', 'PHEV Gasolina']",171-174 g/Km,"['Etiqueta medioambiental ECO', 'Etiqueta medioambiental zero']",72.840 €,"3,7",,,
Volkswagen,['Tayron'],SUV Grande,4.770 m,1.671 m,1849 mm,1723 kg,345 l,55 l,150-272 CV,5 y 7,3.0,0.4-7.9 l/100Km,"[' Diesel', 'PHEV Gasolina', ' Gasolina', 'MHEV Gasolina']","[' Diesel', 'PHEV Gasolina', ' Gasolina', 'MHEV Gasolina']",9-179 g/Km,"['Etiqueta medioambiental C', 'Etiqueta medioambiental ECO', 'Etiqueta medioambiental zero']",42.100 €,"3,8",,,
Volkswagen,"['Tayron', 'híbrido']",SUV Grande,4.770 m,1.671 m,1849 mm,1723 kg,345 l,55 l,150-272 CV,5 y 7,3.0,0.4-7.9 l/100Km,"[' Diesel', 'PHEV Gasolina', ' Gasolina', 'MHEV Gasolina']","[' Diesel', 'PHEV Gasolina', ' Gasolina', 'MHEV Gasolina']",9-179 g/Km,"['Etiqueta medioambiental C', 'Etiqueta medioambiental ECO', 'Etiqueta medioambiental zero']",38.000 €,"3,8",,,
Volkswagen,"['Tiguan', 'Allspace']",SUV Grande,4.701 m,1.658 m,1839 mm,1571 kg,700 l,58 l,150-190 CV,7,3.0,5.7-8.5 l/100Km,"[' Diesel', ' Gasolina']","[' Diesel', ' Gasolina']",149-193 g/Km,"['Etiqueta medioambiental C', 'Etiqueta medioambiental ECO', 'Etiqueta medioambiental zero']",37.400 €,"3,6","Calidad de rodadura, gama de motores","['Diseño muy convencional, detalles de acabado']",La versión más capaz del Volkswagen Tiguan llega sin apenas cambios en el diseño pero con un espacio interior más generoso capaz de acoger hasta a 7 personas.
Volkswagen,['Touran'],Monovolumen Mediano,4.527 m,1.659 m,1829 mm,1615 kg,137 l,58 l,122-150 CV,7,3.0,5.2-6.6 l/100Km,"[' Diesel', ' Gasolina']","[' Diesel', ' Gasolina']",138-149 g/Km,"['Etiqueta medioambiental C', 'Etiqueta medioambiental zero']",35.000 €,"3,5","Posibilidad de 7 plazas, espacio interior, volumen de maletero, calidad de construcción, versatilidad interior","['Estética cuadrada, precio elevado, diseño sobrio']","Una única carrocería de cinco puertas, con 7 plazas de serie y un maletero de 734 litros"
Volvo,"['EX90', 'eléctrico']",SUV XXL,m,1.744 m,1964 mm,2637 kg,689 l,-,283-517 CV,"0,5  h",4.0,580-585 Kms,[' Eléctrico'],"['VOLVO EX90 BEV 111KWH RECHARGE TWIN ULTRA AWD', 'VOLVO EX90 BEV 111KWH RECHARGE TWIN PLUS AWD', 'VOLVO EX90 BEV 104KWH RECHARGE SINGLE PLUS RWD', 'VOLVO EX90 BEV 111KWH RECHARGE TWIN PERF PLUS AWD', 'VOLVO EX90 BEV 104KWH RECHARGE SINGLE CORE RWD', 'VOLVO EX90 BEV 111KWH RECHARGE TWIN CORE AWD', 'VOLVO EX90 BEV 111KWH RECHARGE TWIN PERF CORE AWD', 'VOLVO EX90 BEV 111KWH RECHARGE TWIN PERF ULTRA AWD', 'VOLVO EX90 BEV 104KWH RECH SINGLE CORE RWD 5 SEATS']",0 g/Km,['Etiqueta medioambiental zero'],72.900 €,"4,2","Calidad de acabados, hasta siete plazas, equipo, autonomía","['Peso muy elevado, precios algo altos']","El más grande de los Volvo eléctricos con carrocería SUV destaca por su excelente calidad de realización y un diseño conservador que destila elegancia. Es una alternativa muy seria al XC90 de combustión, con un amplio habitáculo en el que pueden viajar hasta siete pasajeros."
Volvo,['XC90'],SUV XXL,4.950 m,1.771 m,1923 mm,2080 kg,314 l,71 l,250 CV,7,3.0,8.4-8.5 l/100Km,['MHEV Gasolina'],"['VOLVO XC90 (O)2.0 B5 P MHEV PLUS BRIGHT AWD AUTO', 'VOLVO XC90 (O)2.0 B5 P MHEV ULTRA BRIGHT AWD AUTO', 'VOLVO XC90 (O)2.0 B5 P MHEV CORE AWD AUTO', 'VOLVO XC90 2.0 B5 P MHEV ULTRA BRIGHT AWD AUTO', 'VOLVO XC90 2.0 B5 P MHEV PLUS DARK AWD AUTO', 'VOLVO XC90 2.0 B5 P MHEV CORE AWD AUTO', 'VOLVO XC90 2.0 B5 P MHEV ULTRA DARK AWD AUTO', 'VOLVO XC90 2.0 B5 P MHEV PLUS BRIGHT AWD AUTO', 'MHEV Gasolina']",190-191 g/Km,"['Etiqueta medioambiental C', 'Etiqueta medioambiental ECO']",71.900 €,"4,3","Diseño interior y exterior, calidad de construcción, seguridad, espacio interior para 7 adultos, confort","['Agilidad limitada por su tamaño, precio de opciones']",El Volvo XC90 es un todocamino grande con siete plazas reales para adultos. Está a la venta desde 2015. Destaca por sus motores muy eficientes y el equipo de seguridad que incorpora.
Volvo,"['XC90', 'Híbrido']",SUV XXL,4.950 m,1.767 m,1923 mm,2297 kg,262 l,71 l,455 CV,7,3.0,1.2-1.3 l/100Km,['PHEV Gasolina'],"['VOLVO XC90 (O)2.0 T8 PHEV ULTRA BRIGHT RECHARGE AWD', 'VOLVO XC90 2.0 T8 PHEV PLUS BRIGHT RECHARGE AWD AT', 'VOLVO XC90 (O)2.0 T8 PHEV PLUS DARK RECHARGE AWD AT', 'VOLVO XC90 (O)2.0 T8 PHEV CORE RECHARGE AWD AT', 'VOLVO XC90 2.0 T8 PHEV CORE RECHARGE AWD AT', 'VOLVO XC90 2.0 T8 PHEV PLUS DARK RECHARGE AWD AT', 'VOLVO XC90 (O)2.0 T8 PHEV ULTRA DARK RECHARGE AWD A', 'VOLVO XC90 (O)2.0 T8 PHEV PLUS BRIGHT RECHARGE AWD', 'VOLVO XC90 2.0 T8 PHEV ULTRA DARK RECHARGE AWD AT', 'PHEV Gasolina', 'VOLVO XC90 2.0 T8 PHEV ULTRA BRIGHT RECHARGE AWD AT']",29-32 g/Km,"['Etiqueta medioambiental ECO', 'Etiqueta medioambiental zero']",80.350 €,"4,0","Amplitud, diseño, confort de marcha, silencio en ciudad, calidad y acabados",['El consumo de gasolina te quita las ganas de comprar un híbrido enchufable'],"El Volvo XC90 es uno de los SUV más lujosos, cómodos y atractivos del mercado. En formato de híbrido enchufable nos aporta un confort acústico aún mayor, las mejores prestaciones que puede ofrecer y la posibilidad de ir en eléctrico en el 100% de nuestros desplazamientos urbanos. Eso sí, en cuanto arranca el motor de gasolina bebe como una esponja de 2.200 kg."
Land Rover,"['Rover', 'Defender']",Todoterreno,m,1.969 m,1996 mm,2316 kg,176 l,89 l,249-635 CV,5 y 6 y 7,3.0,8.4-14.6 l/100Km,['MHEV Diesel'],"['LAND ROVER DEFENDER 3.0 D250 MHEV S 90 AUTO 4WD', 'MHEV Diesel', 'LAND ROVER DEFENDER (O)3.0 D250 MHEV S 110 AUTO 4WD', 'LAND ROVER DEFENDER (O)3.0 D250 MHEV X-DYNAMIC HSE 90 AUTO 4', 'LAND ROVER DEFENDER 3.0 D250 MHEV X-DYNAMIC SE 110 AUTO 4WD', 'LAND ROVER DEFENDER 3.0 D250 MHEV X-DYNAMIC HSE 90 AUTO 4WD', 'LAND ROVER DEFENDER 3.0 D250 MHEV S 110 AUTO 4WD', 'LAND ROVER DEFENDER (O)3.0 D250 MHEV S 90 AUTO 4WD', 'LAND ROVER DEFENDER (O)3.0 D250 MHEV X-DYNAMIC SE 110 AUTO 4', 'LAND ROVER DEFENDER 3.0 D250 MHEV X-DYNAMIC SE 90 AUTO 4WD', 'LAND ROVER DEFENDER (O)3.0 D250 MHEV X-DYNAMIC SE 90 AUTO 4W']",219-330 g/Km,"['Etiqueta medioambiental C', 'Etiqueta medioambiental ECO']",78.170 €,"4,3","Capacidades 4x4 reales, tecnología, diseño interior, etiqueta ECO",['No apto para puristas del Defender original'],"El Land Rover Defender es el único todoterreno puro de la gama Land Rover, o al menos el único que mantiene las capacidades 4x4 reales como prioridad absoluta en su diseño. El Defender cuenta con todos los elementos técnicos para convertirse en un todoterreno moderno y tecnológico sin dar la espalda del todo a su mítico origen. Cuenta con interiores de 5, 6 y hasta 7 plazas."
Land Rover,"['Rover', 'Defender', 'Híbrido']",Todoterreno,m,1.967 m,1996 mm,2613 kg,499 l,90 l,300 CV,5 y 7,3.0,2.7-2.9 l/100Km,['PHEV Gasolina'],"['LAND ROVER DEFENDER 2.0 300E PHEV S 110 AUTO 4WD', 'LAND ROVER DEFENDER (O)2.0 300E PHEV X-DYNAMIC SE 110 AUTO 4', 'LAND ROVER DEFENDER (O)2.0 300E PHEV X 110 AUTO 4WD', 'LAND ROVER DEFENDER (O)2.0 300E PHEV X-DYNAMIC HSE 110 AUTO', 'LAND ROVER DEFENDER 2.0 300E PHEV X 110 AUTO 4WD', 'LAND ROVER DEFENDER 2.0 300E PHEV X-DYNAMIC HSE 110 AUTO 4WD', 'LAND ROVER DEFENDER 2.0 300E PHEV X-DYNAMIC SE 110 AUTO 4WD', 'PHEV Gasolina', 'LAND ROVER DEFENDER (O)2.0 300E PHEV S 110 AUTO 4WD']",61-65 g/Km,"['Etiqueta medioambiental ECO', 'Etiqueta medioambiental zero']",81.015 €,"4,1","Diseño, terminación, etiqueta CERO de la DGT","['Peso, consumo cuando el motor eléctrico deja de encargarse de la propulsión']","El Defender de Land Rover también está disponible con versiones híbridas enchufables en las carrocerías de tres y cinco puertas, que le proporciona un confort de marcha brutal sin renunciar a unas capacidades 4x4 de primer nivel"
Mercedes-Benz,['Vito'],Comercial,4.895 m,1.890 m,-,2023 kg,830 l,57 l,136-239 CV,8,6.0,6.8-10.0 l/100Km,"[' Diesel', 'MHEV Gasolina']","['MERCEDES VITO 2.0 124 MHEV 170KW (231CV) TOURER BASE LWB XL', ' Diesel', 'MERCEDES VITO 2.0 124 MHEV 170KW (231CV) TOURER BASE SWB L', 'MHEV Gasolina']",178-228 g/Km,"['Etiqueta medioambiental C', 'Etiqueta medioambiental ECO', 'Etiqueta medioambiental zero']",52.403 €,"3,5",,,
Renault,['Trafic'],Monovolumen Grande,4.999 m,1.973 m,1956 mm,1919 kg,-,80 l,110-170 CV,9 y 8,3.0,5.9-7.2 l/100Km,[' Diesel'],[' Diesel'],174-188 g/Km,"['Etiqueta medioambiental C', 'Etiqueta medioambiental zero']",47.725 €,"3,0",,,
Renault,['Trafic'],Monovolumen Grande,4.999 m,1.973 m,1956 mm,1919 kg,-,80 l,110-170 CV,9 y 8,2.0,5.9-7.2 l/100Km,[' Diesel'],[' Diesel'],174-188 g/Km,"['Etiqueta medioambiental C', 'Etiqueta medioambiental zero']",47.725 €,"3,0",,,
Nissan,['Primastar'],Comercial,5.080 m,1.963 m,1956 mm,1844 kg,-,80 l,110-150 CV,2 y 3 y 5 y 6 y 7 y 9,2.0,6.8-7.1 l/100Km,[' Diesel'],[' Diesel'],178-185 g/Km,['Etiqueta medioambiental C'],43.866 €,"3,0",,,
Audi,['SQ7'],SUV XXL,5.702 m,1.743 m,1970 mm,2275 kg,887 l,85 l,507 CV,7,3.0,12.2 l/100Km,[' Gasolina'],[' Gasolina'],272 g/Km,"['Etiqueta medioambiental C', 'Etiqueta medioambiental ECO']",124.770 €,"3,8","Calidad y diseño interior, espacio, confort, tecnología","['Consumos altos en gasolina, autonomía']","El Audi SQ7 pertenece a una especie en peligro de extinción, por no decir condenada a muerte inminente. Se trata de un SUV grande de muy altas prestaciones con motor gasolina y el tope de gama Q7. La propuesta es clara: máximas prestaciones y unas recuperaciones de un camión de carreras. El resultado es un extraño rival para el Porsche Cayenne con un enfoque más orientado al confort y a las cifras prestacionales que al comportamiento y a la diversión al volante."
Nissan,['NV300'],Comercial,4.999 m,1.970 m,1956 mm,1844 kg,-,80 l,110-170 CV,6 y 9 y 8,3.0,7.0-7.9 l/100Km,[' Diesel'],[' Diesel'],-,['Etiqueta medioambiental C'],17.200 €,"3,0",,,
BYD,"['Tang', 'eléctrico']",SUV XXL,4.875 m,1.745 m,1955 mm,2630 kg,235 l,-,517 CV,"0,5  h",2.0,530 Kms,[' Eléctrico'],['BYD TANG BEV 109KWH FLAGSHIP'],0 g/Km,"['Etiqueta medioambiental eco', 'Etiqueta medioambiental c', 'Etiqueta medioambiental zero']",72.000 €,"3,0","Calidad interior, confort de marcha, equipamiento de serie",['Diseño algo anticuado frente a la competencia'],El BYD Tang en un SUV 100% eléctrico que quiere ser una alternativa a modelos como el Mercedes-Benz EQE SUV. Cuenta con 530 km de autonomía
Land Rover,"['Rover', 'Discovery']",Todoterreno,4.970 m,1.888 m,2000 mm,2391 kg,258 l,89 l,249-350 CV,7,2.0,7.9-8.3 l/100Km,['MHEV Diesel'],"['MHEV Diesel', 'LAND ROVER DISCOVERY 3.0 D350 MHEV DYNAMIC SE AWD AUTO', 'LAND ROVER DISCOVERY 3.0 D250 MHEV S AWD AUTO', 'LAND ROVER DISCOVERY (O)3.0 D250 MHEV DYNAMIC SE AWD AUTO', 'LAND ROVER DISCOVERY 3.0 D350 MHEV S AWD AUTO', 'LAND ROVER DISCOVERY 3.0 D250 MHEV DYNAMIC SE AWD AUTO', 'LAND ROVER DISCOVERY (O)3.0 D250 MHEV DYNAMIC HSE AWD AUTO', 'LAND ROVER DISCOVERY (O)3.0 D250 MHEV S AWD AUTO', 'LAND ROVER DISCOVERY 3.0 D250 MHEV DYNAMIC HSE AWD AUTO', 'LAND ROVER DISCOVERY (O)3.0 D300 MHEV DYNAMIC SE AWD AUTO', 'LAND ROVER DISCOVERY (O)3.0 D300 MHEV S AWD AUTO']",207-219 g/Km,"['Etiqueta medioambiental C', 'Etiqueta medioambiental ECO', 'Etiqueta medioambiental zero']",83.370 €,"3,7","Capacidades todoterreno reales, confort, equipamiento, diseño atractivo, etiqueta ECO",['Demasiado grande y pesado para ser ágil o divertido al volante. No se puede tener todo.'],"El Land Rover Discovery es un enorme SUV de lujo con altísimas capacidades para circular fuera del asfalto. Cuenta con suspensión neumática de altura regulable, todos los juguetes de Land Rover para circular por diferentes superficies y una sensación de control absoluta en pendientes. En carretera es un transatlántico de lujo, que además cuenta con etiqueta ECO gracias a sus mecánicas microhíbridas."
VOYAH,['Dream'],Monovolumen Grande,5.315 m,1.800 m,1985 mm,2666 kg,427 l,-,435 CV,"0,6  h",3.0,482 Kms,[' Eléctrico'],"['VOYAH DREAM BEV 109KWH PREMIUM 4WD', 'VOYAH DREAM BEV 109KWH 4WD']",0 g/Km,"['Etiqueta medioambiental eco', 'Etiqueta medioambiental c', 'Etiqueta medioambiental zero']",90.038 €,"3,6","Calidad, habitáculo amplio, equipo","['Dimensiones, consumo elevado, peso']","El Voyah Dream es un monovolumen de lujo diferente a todo lo demás, pensado para favorecer a los pasajeros de las plazas traseras. Es eléctrico, de calidad soberbia y con una dotación excepcionalmente completa en todos los sentidos."
